{"a": 0.9140716649819299, "b": 0.15391506898405305, "c": 0.40864388271527724, "d": 0.3193314243406707, "e": 1.2247145808048197, "f": 0.09244640677771279, "g": 0.24230458462505874, "h": 0.26582103024750414, "i": 1.013580443080127, "j": 0.008844022678021455, "k": 0.07729053763949789, "l": 0.625143258968265, "m": 0.28870865774376, "n": 0.8045356042908385, "o": 0.8077135023479257, "p": 0.26640251797709885, "q": 0.01382723729094333, "r": 0.7754138874145095, "s": 0.7150946776969029, "t": 0.7169777513328578, "u": 0.36758138292657366, "v": 0.09380208456589574, "w": 0.05358138968805888, "x": 0.03376009574263083, "y": 0.23474186339771394, "z": 0.04520052874814482, "eow": 0.055352898817754306}