{"a": 4.228589302471066, "b": 0.7120269002189553, "c": 1.8904285267438223, "d": 1.4772599311854864, "e": 5.66565530184548, "f": 0.4276665624022521, "g": 1.1209258680012513, "h": 1.229715358148264, "i": 4.688927119174226, "j": 0.04091335627150453, "k": 0.3575539568345324, "l": 2.8919768532999686, "m": 1.3355958711291835, "n": 3.721864247732249, "o": 3.736565530184548, "p": 1.232405380043791, "q": 0.06396621832968408, "r": 3.58714419768533, "s": 3.3081013450109475, "t": 3.316812636847044, "u": 1.7004691898654989, "v": 0.43393806693775416, "w": 0.24787300594307163, "x": 0.15617766656240226, "y": 1.0859399436972161, "z": 0.20910228339067877, "eow": 0.009978104472943384}