{"a": 1.7673828776122524, "b": 0.29759904824782163, "c": 0.790124263797465, "d": 0.6174361522019074, "e": 2.368019557984325, "f": 0.1787476876213386, "g": 0.46850262450892594, "h": 0.5139723233604173, "i": 1.9597858557598655, "j": 0.017100162765310723, "k": 0.14944339493139672, "l": 1.208731803295834, "m": 0.5582261849510723, "n": 1.555591870885927, "o": 1.5617364247847771, "p": 0.5150966459887175, "q": 0.02673534621946516, "r": 1.4992842248383786, "s": 1.3826553624306286, "t": 1.3862963374536708, "u": 0.7107287833129604, "v": 0.1813689281675502, "w": 0.10360110079029422, "x": 0.06527608003608291, "y": 0.4538798935815559, "z": 0.08739647407194358, "eow": 0.08948823710133938}