{"a": 2.3887126840947444, "b": 0.40222106388429973, "c": 1.0678952901783743, "d": 0.8344980519308414, "e": 3.2005053494597533, "f": 0.2415870800166094, "g": 0.6332064069830107, "h": 0.6946611419837617, "i": 2.6487556211292618, "j": 0.023111786481018474, "k": 0.201980757847494, "l": 1.6336658155827863, "m": 0.7544726077622383, "n": 2.102465787311488, "o": 2.1107704812305084, "p": 0.6961807242753271, "q": 0.03613425332850365, "r": 2.0263629858025074, "s": 1.8687328273948882, "t": 1.873653800280946, "u": 0.9605880430077127, "v": 0.24512982710334044, "w": 0.14002244034314287, "x": 0.08822412071844438, "y": 0.6134430024118952, "z": 0.1181210188269178, "eow": 0.272924047389764}