{"a": 0.7182083573509997, "b": 0.12093481627481346, "c": 0.32108144578825315, "d": 0.25090647321487863, "e": 0.9622880579292832, "f": 0.07263739211972618, "g": 0.19038461027628506, "h": 0.20886205403510077, "i": 0.7963948265282541, "j": 0.006948963897794979, "k": 0.06072905681628012, "l": 0.4911902757006739, "m": 0.226845420085587, "n": 0.6321432081581261, "o": 0.6346401600174255, "p": 0.20931894309871726, "q": 0.010864396919717686, "r": 0.6092615663325887, "s": 0.5618672949776735, "t": 0.5633468717708967, "u": 0.28881764016798644, "v": 0.07370258115757626, "w": 0.04210020214684733, "x": 0.02652612900740851, "y": 0.18444239611750549, "z": 0.03551515570088642, "eow": 0.15130731367824915}