{"a": 6.890667210357306, "b": 1.1602783016463631, "c": 3.0805341760538254, "d": 2.407258270044345, "e": 9.232427748611041, "f": 0.6969009633518528, "g": 1.8265966664967634, "h": 2.003873795810184, "i": 7.640807380600438, "j": 0.06667006473316683, "k": 0.5826494724501758, "l": 4.712600030582599, "m": 2.1764106223558795, "n": 6.064937050818084, "o": 6.088893419644222, "p": 2.008257301595392, "q": 0.10423568989245119, "r": 5.845404964575157, "s": 5.390692695856058, "t": 5.404888118660482, "u": 2.770987308221622, "v": 0.7071206483510882, "w": 0.4039196697079362, "x": 0.25449819052958866, "y": 1.7695856057903052, "z": 0.3407411183036852, "eow": 0.02986900453641878}