{"a": 3.2723267776096825, "b": 0.5510075642965204, "c": 1.4629228441754918, "d": 1.1431891074130105, "e": 4.384411497730711, "f": 0.33095310136157335, "g": 0.8674372163388805, "h": 0.951624810892587, "i": 3.6285627836611196, "j": 0.031661119515885024, "k": 0.27669591527987897, "l": 2.237978819969743, "m": 1.0335612708018154, "n": 2.8801936459909228, "o": 2.89157034795764, "p": 0.9537065052950076, "q": 0.04950075642965204, "r": 2.7759394856278368, "s": 2.56, "t": 2.5667413010590017, "u": 1.3159213313161875, "v": 0.33580635400907716, "w": 0.19181845688350985, "x": 0.12085930408472012, "y": 0.8403630862329803, "z": 0.16181543116490166, "eow": 0.2359092284417549}