{"a": 2.927065854001797, "b": 0.49287113921035824, "c": 1.3085708718104168, "d": 1.0225720193567245, "e": 3.921815288348075, "f": 0.29603446969286895, "g": 0.7759145186259757, "h": 0.851219538599777, "i": 3.2457156466856483, "j": 0.02832057680440831, "k": 0.24750192159877019, "l": 2.001851230364508, "m": 0.9245109395806043, "n": 2.576306416516006, "o": 2.5864827705665197, "p": 0.8530815948728497, "q": 0.04427796602829893, "r": 2.483052040142469, "s": 2.2898961795368677, "t": 2.295926210607225, "u": 1.1770793863875026, "v": 0.3003756590271839, "w": 0.17157982483679943, "x": 0.10810752292386139, "y": 0.751696961167466, "z": 0.14474239750571066, "eow": 0.06571326498576394}