{"a": 0.863796248670166, "b": 0.14544949186764597, "c": 0.38616780987128163, "d": 0.3017676808015105, "e": 1.157353302940171, "f": 0.0873617052544815, "g": 0.22897744154321442, "h": 0.2512004447156472, "i": 0.9578318834282721, "j": 0.008357587162030484, "k": 0.07303943337092543, "l": 0.5907593711362932, "m": 0.27282921577334834, "n": 0.7602848480395132, "o": 0.7632879565763285, "p": 0.251749949681958, "q": 0.013066716931462035, "r": 0.7327648725755489, "s": 0.6757633167097432, "t": 0.677542818257622, "u": 0.3473638138200499, "v": 0.08864281857710161, "w": 0.05063432680849433, "x": 0.031903236009188235, "y": 0.2218306821848573, "z": 0.04271442674172308, "eow": 0.010772853176745716}