{"a": 49.53755954562111, "b": 8.341333821912789, "c": 22.146207401978746, "d": 17.305972883840234, "e": 66.37266397947967, "f": 5.0100769512642, "g": 13.131550018321729, "h": 14.406009527299377, "i": 54.93037742762917, "j": 0.47929644558446316, "k": 4.188713814584097, "l": 33.87925980212532, "m": 15.64639061927446, "n": 43.60131916452913, "o": 43.77354342249908, "p": 14.437522902161964, "q": 0.7493587394650055, "r": 42.023085379259804, "s": 38.75412238915354, "t": 38.85617442286552, "u": 19.920850128252106, "v": 5.083547086844998, "w": 2.9038109197508244, "x": 1.829607914987175, "y": 12.721692927812386, "z": 2.4496152436790033, "eow": 0.005496518871381458}