{"a": 10.083389274259716, "b": 1.697881703587678, "c": 4.507869023644365, "d": 3.5226374282091446, "e": 13.510181248601477, "f": 1.0198030879391362, "g": 2.6729320504214216, "h": 2.9323487730290148, "i": 11.181099425673155, "j": 0.0975609756097561, "k": 0.8526143059595733, "l": 6.8961363466845675, "m": 3.1848288207652717, "n": 8.875065264414111, "o": 8.910121578280004, "p": 2.9387633325874543, "q": 0.1525322592675468, "r": 8.553815171179235, "s": 7.888416498843887, "t": 7.909189229506974, "u": 4.054896695755948, "v": 1.0347579622585217, "w": 0.5910718281494741, "x": 0.37241739389870965, "y": 2.5895054822107855, "z": 0.4986201238159171, "eow": 0.13183411650630267}