{"a": 1.3871482441064054, "b": 0.23357360900905522, "c": 0.6201369827873688, "d": 0.4846009799143216, "e": 1.8585639894312906, "f": 0.1402919221198984, "g": 0.36770900135956697, "h": 0.40339635225611165, "i": 1.538157658466511, "j": 0.013421234897262909, "k": 0.11729215298976477, "l": 0.9486853243721622, "m": 0.43812944103840135, "n": 1.2209219403329656, "o": 1.2257445553189852, "p": 0.40427878818972374, "q": 0.020983505630659517, "r": 1.1767283174717185, "s": 1.0851909806838878, "t": 1.0880486365851783, "u": 0.557822640638227, "v": 0.14234922915116846, "w": 0.08131236692917426, "x": 0.05123258856424595, "y": 0.35623220378113535, "z": 0.06859400251391633, "eow": 0.09400507913705974}