{"a": 2.570040778304801, "b": 0.43275381880744845, "c": 1.1489596304287901, "d": 0.8978451184852143, "e": 3.4434569356387175, "f": 0.2599260477362813, "g": 0.681273347718221, "h": 0.7473931351767535, "i": 2.8498236742298224, "j": 0.024866211039609138, "k": 0.2173131944906514, "l": 1.7576780129844205, "m": 0.8117449122173322, "n": 2.2620647700160643, "o": 2.2709998764293795, "p": 0.7490280695417431, "q": 0.03887721833027575, "r": 2.1801849757136202, "s": 2.010589051643014, "t": 2.015883577464521, "u": 1.033506649049932, "v": 0.26373772611047214, "w": 0.15065159738790718, "x": 0.09492124749294222, "y": 0.6600096955410016, "z": 0.12708763058087696, "eow": 0.09883748562303356}