{"a": 1.0753444271214483, "b": 0.18107082630691398, "c": 0.4807423080594356, "d": 0.3756721499252283, "e": 1.4407951255210156, "f": 0.10875703967673168, "g": 0.28505520379267557, "h": 0.31272073562633235, "i": 1.1924098762289606, "j": 0.010404403576314869, "k": 0.0909271691749658, "l": 0.7354394030990486, "m": 0.33964650482038883, "n": 0.946482547965255, "o": 0.9502211333481816, "p": 0.3134048172070381, "q": 0.01626682363422317, "r": 0.9122227878710745, "s": 0.8412612555283338, "t": 0.8434765662286423, "u": 0.43243501224983294, "v": 0.1103519042922142, "w": 0.0630349358872379, "x": 0.03971650386585637, "y": 0.27615816602500876, "z": 0.05317541124439212, "eow": 0.10196792771007668}