{"a": 1.074639204759993, "b": 0.1809520781249379, "c": 0.4804270321188249, "d": 0.37542578011661504, "e": 1.4398502366880368, "f": 0.10868571564843778, "g": 0.28486826154524897, "h": 0.31251565002762355, "i": 1.1916278810955616, "j": 0.010397580257316264, "k": 0.09086753816619435, "l": 0.7349570940829978, "m": 0.3394237610146385, "n": 0.9458618346005715, "o": 0.9495979681792708, "p": 0.3131992829803217, "q": 0.016256155677531928, "r": 0.9116245424230018, "s": 0.8407095474111377, "t": 0.8429234052870265, "u": 0.4321514167498023, "v": 0.11027953433467012, "w": 0.06299359690298374, "x": 0.039690457358394576, "y": 0.2759770585499827, "z": 0.05314053824171194, "eow": 0.01421718065000775}