{"a": 2.378793077660763, "b": 0.400550760595103, "c": 1.0634606417328722, "d": 0.8310326321253553, "e": 3.1872146118721463, "f": 0.24058384142317946, "g": 0.6305768909300463, "h": 0.6917764228715214, "i": 2.637756134470047, "j": 0.023015810172354635, "k": 0.2011419924160442, "l": 1.6268816920491638, "m": 0.7513395095943199, "n": 2.093734878278389, "o": 2.1020050852975074, "p": 0.6932896947941686, "q": 0.03598419862573794, "r": 2.0179481088500015, "s": 1.860972541153078, "t": 1.8658730787165343, "u": 0.9565990093347763, "v": 0.244111876545165, "w": 0.1394409691978779, "x": 0.08785775243927117, "y": 0.6108955578430596, "z": 0.11763049770809689, "eow": 0.02408037937375177}