{"a": 45.95886452490226, "b": 7.738738738738738, "c": 20.54631990481047, "d": 16.05575386707462, "e": 61.577766445690976, "f": 4.648138704742478, "g": 12.182899881013089, "h": 13.365289818120006, "i": 50.96209416964134, "j": 0.44467108618052015, "k": 3.8861125276219615, "l": 31.431752507224207, "m": 14.516063233044365, "n": 40.451470338262794, "o": 40.61125276219616, "p": 13.394526602073771, "q": 0.6952235254122047, "r": 38.98725140234574, "s": 35.95444501104878, "t": 36.049124596294405, "u": 18.481727010028898, "v": 4.716301206867245, "w": 2.6940336562978073, "x": 1.6974332823389426, "y": 11.802651708312085, "z": 2.272650008499065, "eow": 0.005099439061703213}