{"a": 1.0984419752584857, "b": 0.18496008450303683, "c": 0.4910682727660525, "d": 0.38374129070263463, "e": 1.4717422657376749, "f": 0.1110930549066607, "g": 0.2911779642080887, "h": 0.31943772979341445, "i": 1.2180218976619472, "j": 0.010627881939507202, "k": 0.09288021288265047, "l": 0.7512360600459079, "m": 0.34694184322249083, "n": 0.966812244815048, "o": 0.9706311320563082, "p": 0.32013650490564505, "q": 0.016616222145483354, "r": 0.9318166121594995, "s": 0.8593308822035792, "t": 0.8615937760263259, "u": 0.4417233744337687, "v": 0.11272217595319832, "w": 0.06438887647524832, "x": 0.040569582969387966, "y": 0.28208982510308966, "z": 0.0543175770379248, "eow": 0.08436896950984175}