{"a": 1.0802897543161487, "b": 0.18190354042056728, "c": 0.48295316064743227, "d": 0.377399802621853, "e": 1.447421098685078, "f": 0.10925719491291788, "g": 0.2863661244760889, "h": 0.314158885412796, "i": 1.197893567629984, "j": 0.010452251669123905, "k": 0.09134532785149492, "l": 0.738821564561433, "m": 0.3412084816666067, "n": 0.9508352611664489, "o": 0.9545910396714093, "p": 0.3148461129690228, "q": 0.016341632005625675, "r": 0.9164179462284392, "s": 0.8451300737970521, "t": 0.8473555723366936, "u": 0.43442370775248623, "v": 0.1108593940410978, "w": 0.06332482289906145, "x": 0.039899153351632764, "y": 0.2774281707360926, "z": 0.05341995596949029, "eow": 0.30232418761312285}