{"a": 1.170991143160311, "b": 0.1971762056345958, "c": 0.5235020247298555, "d": 0.4090863812555491, "e": 1.5689469239264602, "f": 0.11843045540180601, "g": 0.31040949349271313, "h": 0.34053574135429526, "i": 1.2984690010610884, "j": 0.011329825245241343, "k": 0.09901470365317569, "l": 0.8008532016717556, "m": 0.3698564282466056, "n": 1.0306676194807163, "o": 1.0347387340566059, "p": 0.34128066870222395, "q": 0.017713679378072285, "r": 0.9933606184629377, "s": 0.916087399034193, "t": 0.9184997509690552, "u": 0.4708980272418199, "v": 0.12016717555598866, "w": 0.06864159033326837, "x": 0.043249095909396046, "y": 0.3007211069966868, "z": 0.05790510838259815, "eow": 0.08999328699192273}