{"a": 2.056169436100232, "b": 0.34622609224685347, "c": 0.9192288680177954, "d": 0.7183238906422298, "e": 2.754948857371003, "f": 0.20795467508270277, "g": 0.545054945054945, "h": 0.597954294840108, "i": 2.2800106467926535, "j": 0.01989429255865242, "k": 0.1738621240351344, "l": 1.4062359785543177, "m": 0.6494391421727062, "n": 1.8097722346857295, "o": 1.8169207954675082, "p": 0.5992623293661355, "q": 0.03110384425263318, "r": 1.744264040457812, "s": 1.6085782729381346, "t": 1.6128141754439331, "u": 0.826860336894939, "v": 0.211004220692802, "w": 0.12052929769192745, "x": 0.07594205102855622, "y": 0.5280428913646906, "z": 0.1016768698429598, "eow": 0.00617513973915358}