{"a": 8.174633408919123, "b": 1.3764777021919878, "c": 3.6545427059712776, "d": 2.855812547241119, "e": 10.952743764172336, "f": 0.8267573696145125, "g": 2.1669538926681784, "h": 2.3772637944066517, "i": 9.064550264550265, "j": 0.07909297052154195, "k": 0.6912169312169312, "l": 5.590718065003779, "m": 2.5819501133786846, "n": 7.195041572184429, "o": 7.223461829176115, "p": 2.382464096749811, "q": 0.1236583522297808, "r": 6.934603174603175, "s": 6.395162509448224, "t": 6.412003023431595, "u": 3.2873167044595615, "v": 0.8388813303099018, "w": 0.4791836734693877, "x": 0.3019198790627362, "y": 2.0993197278911566, "z": 0.4042328042328042, "eow": 0.004263038548752834}