{"a": 12.066047840057122, "b": 2.031729739378793, "c": 5.394234202070689, "d": 4.215280257051053, "e": 16.16663691538736, "f": 1.2203230988932523, "g": 3.1985005355230274, "h": 3.508925383791503, "i": 13.379596572652623, "j": 0.11674401999285969, "k": 1.0202606212067118, "l": 8.252097465191003, "m": 3.811049625133881, "n": 10.620135665833631, "o": 10.662084969653694, "p": 3.5166012138521956, "q": 0.18252409853623705, "r": 10.235719385933596, "s": 9.43948589789361, "t": 9.464343091752946, "u": 4.85219564441271, "v": 1.238218493395216, "w": 0.707292038557658, "x": 0.44564441270974653, "y": 3.098670117815066, "z": 0.5966619064619779, "eow": 0.04252945376651196}