{"a": 25.76727342037549, "b": 4.338797293433718, "c": 11.519489183265033, "d": 9.0018107309635, "e": 34.52415896311827, "f": 2.6060230629943772, "g": 6.830458400838654, "h": 7.493376536738778, "i": 28.57238158772515, "j": 0.24930906318498047, "k": 2.1787858572381587, "l": 17.622510244925188, "m": 8.138568569522539, "n": 22.679500619460594, "o": 22.769084151338987, "p": 7.509768417039932, "q": 0.38978366530067665, "r": 21.858572381587724, "s": 20.15820070523206, "t": 20.21128371295149, "u": 10.36195558944058, "v": 2.644239016487182, "w": 1.5104355284475364, "x": 0.9516820737634614, "y": 6.617268655294006, "z": 1.2741827885256838, "eow": 0.09787477365862957}