{"a": 3.83088214457763, "b": 0.6450593669415399, "c": 1.712629998016379, "d": 1.3383207231715266, "e": 5.132789254441894, "f": 0.3874436793335034, "g": 1.0155005809175663, "h": 1.1140582051064072, "i": 4.247924282354274, "j": 0.0370653744792995, "k": 0.32392530250219614, "l": 2.6199807305392615, "m": 1.209980447164839, "n": 3.371815579925756, "o": 3.3851341777891126, "p": 1.1164952251409788, "q": 0.057950069426733544, "r": 3.2497662161013348, "s": 2.9969678936779167, "t": 3.004859871348012, "u": 1.540536711156451, "v": 0.3931253365071269, "w": 0.22456006120887528, "x": 0.14148884921646973, "y": 0.9838051517470033, "z": 0.1894358015245544, "eow": 0.52106888832214}