{"a": 18.32188114115335, "b": 3.085112150166023, "c": 8.190960222267398, "d": 6.400758961848614, "e": 24.54848546452531, "f": 1.8530189062817646, "g": 4.856813715524836, "h": 5.32818323507488, "i": 20.31645998509182, "j": 0.17727180321203498, "k": 1.5492308734837703, "l": 12.530527885071491, "m": 5.7869485667818665, "n": 16.126312936233653, "o": 16.19001151995663, "p": 5.33983872060717, "q": 0.2771566036457275, "r": 15.542589957308396, "s": 14.33353662668564, "t": 14.371281425764044, "u": 7.367893203225588, "v": 1.8801924510401844, "w": 1.0739987802398863, "x": 0.6766958053804973, "y": 4.7052246391543, "z": 0.9060107067832215, "eow": 0.017076641593819882}